"주택유형별(1)","지역별(1)",2003.11,2003.12,2004.01,2004.02,2004.03,2004.04,2004.05,2004.06,2004.07,2004.08,2004.09,2004.10,2004.11,2004.12,2005.01,2005.02,2005.03,2005.04,2005.05,2005.06,2005.07,2005.08,2005.09,2005.10,2005.11,2005.12,2006.01,2006.02,2006.03,2006.04,2006.05,2006.06,2006.07,2006.08,2006.09,2006.10,2006.11,2006.12,2007.01,2007.02,2007.03,2007.04,2007.05,2007.06,2007.07,2007.08,2007.09,2007.10,2007.11,2007.12,2008.01,2008.02,2008.03,2008.04,2008.05,2008.06,2008.07,2008.08,2008.09,2008.10,2008.11,2008.12,2009.01,2009.02,2009.03,2009.04,2009.05,2009.06,2009.07,2009.08,2009.09,2009.10,2009.11,2009.12,2010.01,2010.02,2010.03,2010.04,2010.05,2010.06,2010.07,2010.08,2010.09,2010.10,2010.11,2010.12,2011.01,2011.02,2011.03,2011.04,2011.05,2011.06,2011.07,2011.08,2011.09,2011.10,2011.11,2011.12,2012.01,2012.02,2012.03,2012.04,2012.05,2012.06,2012.07,2012.08,2012.09,2012.10,2012.11,2012.12,2013.01,2013.02,2013.03,2013.04,2013.05,2013.06,2013.07,2013.08,2013.09,2013.10,2013.11,2013.12,2014.01,2014.02,2014.03,2014.04,2014.05,2014.06,2014.07,2014.08,2014.09,2014.10,2014.11,2014.12,2015.01,2015.02,2015.03,2015.04,2015.05,2015.06,2015.07,2015.08,2015.09,2015.10,2015.11,2015.12,2016.01,2016.02,2016.03,2016.04,2016.05,2016.06,2016.07,2016.08,2016.09,2016.10,2016.11,2016.12,2017.01,2017.02,2017.03,2017.04,2017.05,2017.06,2017.07,2017.08,2017.09,2017.10,2017.11,2017.12,2018.01,2018.02,2018.03,2018.04,2018.05,2018.06,2018.07,2018.08,2018.09,2018.10,2018.11,2018.12,2019.01,2019.02,2019.03,2019.04,2019.05,2019.06,2019.07,2019.08,2019.09,2019.10,2019.11,2019.12,2020.01,2020.02,2020.03,2020.04,2020.05,2020.06,2020.07,2020.08,2020.09,2020.10,2020.11,2020.12,2021.01,2021.02,2021.03,2021.04,2021.05,2021.06,2021.07,2021.08,2021.09,2021.10,2021.11,2021.12,2022.01,2022.02,2022.03,2022.04,2022.05,2022.06,2022.07,2022.08,2022.09,2022.10,2022.11,2022.12,2023.01,2023.02,2023.03,2023.04,2023.05,2023.06,2023.07,2023.08,2023.09,2023.10,2023.11,2023.12,2024.01,2024.02,2024.03,2024.04,2024.05,2024.06,2024.07,2024.08,2024.09,2024.10
"종합","전국",61.45182367,60.96318451,60.65200906,60.74382884,60.84237569,60.9356494,60.91667267,60.75195248,60.58388761,60.33976732,60.18926225,60.03561277,59.73068897,59.45397109,59.28622177,59.45705474,59.67870115,60.00595092,60.30646414,60.76871412,61.23566365,61.46053266,61.61654985,61.6091837,61.59867564,61.70038579,61.89352303,62.14736168,62.54604661,63.06011749,63.64432608,63.96566795,64.12319407,64.27742515,64.68505273,65.56727771,67.54217884,68.84326637,69.73067767,70.13773971,70.40257509,70.62490927,70.76785095,70.9580586,71.23293647,71.45671255,71.81450605,72.2047026,72.60255104,72.84614244,73.19597908,73.52734233,74.30486051,75.19619456,75.90980641,76.78344546,77.35143997,77.70634405,78.09270481,78.09297709,77.72391268,77.11731849,76.69440508,76.51898311,76.39578318,76.43989905,76.52812685,76.67650462,76.88937353,77.13477933,77.67496372,77.96413435,78.15545537,78.26969575,78.36931006,78.57333863,78.74687057,78.88441969,78.90369068,78.90235562,78.77809818,78.69866369,78.74992472,78.88441261,79.14067284,79.41057851,79.73653691,80.29437425,80.99279204,81.91610606,82.03916481,82.42181782,82.74857127,83.15004704,83.56592908,83.87087987,84.16923158,84.28354018,84.48983353,84.49587646,84.51362484,84.46435804,84.38769613,84.2042228,83.98051642,83.7444931,83.54744264,83.38886201,83.25339878,83.07656696,82.8633871,82.72067113,82.65606793,82.75354386,82.89616007,82.92487659,82.86668645,82.7584929,82.79695852,83.03445814,83.19601218,83.3300442,83.52825099,83.69722483,83.89101222,83.94517369,83.96268943,83.97818355,84.00824419,84.08544688,84.28660291,84.48930318,84.63482565,84.75409785,84.87587443,85.04719145,85.30643508,85.67170728,85.95888616,86.28370863,86.52737479,86.75817316,87.04133985,87.32672346,87.59675618,87.72936783,87.76786828,87.76819584,87.76437098,87.78000747,87.8096394,87.84505568,87.88371674,87.94553356,88.01452177,88.16120625,88.29523245,88.35302724,88.36820805,88.38138739,88.4311038,88.51702972,88.64394852,88.83170731,88.99186997,89.21206759,89.32290298,89.44015327,89.55680514,89.65846408,89.78721183,89.96409613,90.07536497,90.12559961,90.10291622,90.08294858,90.06494804,90.08620137,90.36490511,90.53623043,90.65108871,90.64589268,90.51262637,90.40711414,90.26223608,90.07561229,89.93153354,89.81618864,89.73471085,89.69087568,89.70384126,89.80942606,89.98047613,90.32279404,90.57142319,90.87654049,91.36920152,91.61787398,91.74158747,92.11817304,92.68316522,93.12136817,93.51507395,93.81239916,94.31680133,95.16448164,95.91699718,96.77535279,97.4872193,98.17542084,98.86155873,100,100.8527701,101.8232676,102.7556195,103.6644343,104.3169996,104.6169034,104.7193237,104.7501852,104.7681327,104.8296115,104.8440136,104.8372099,104.7582611,104.4590502,103.9498545,103.1485214,101.7361712,99.72380843,98.2335662,97.10790976,96.34640819,95.89740291,95.68618947,95.63459488,95.66082943,95.80974121,96.04961444,96.24235212,96.27707003,96.17770118,96.04017992,95.90192663,95.78683096,95.73790935,95.71735078,95.75427614,95.89980579,96.12914525,96.29618613,96.36714121
"종합","수도권",55.76553796,55.35919486,55.11643742,55.22895808,55.37644837,55.51144288,55.45855503,55.24562438,55.02935838,54.71360747,54.47627029,54.22132811,53.87822025,53.58946948,53.386322,53.63667529,53.85935835,54.17548343,54.47459711,55.10735054,55.74733265,55.96898332,56.11755002,56.07984265,56.09467384,56.22221259,56.47878009,56.81949496,57.32958846,58.070003,58.94760532,59.47659733,59.7537625,60.04753698,60.68150716,62.09359246,65.41822652,67.66883032,69.21244737,69.9164068,70.38429288,70.79219379,71.08039986,71.44096519,71.95164169,72.36221996,73.01328498,73.66580593,74.33482842,74.73923478,75.34553039,75.90034514,77.22328351,78.68105973,79.91007451,81.35063883,82.28525536,82.84102178,83.40985436,83.33259164,82.66805828,81.7007827,81.0629728,80.80593182,80.60112135,80.65890938,80.77250922,80.99544759,81.34438753,81.68521366,82.38830199,82.70047869,82.76584259,82.72903451,82.75861769,82.85537425,82.88745481,82.8229846,82.53157097,82.25350118,81.83187621,81.49237103,81.33489355,81.23658858,81.19191346,81.21742778,81.32084812,81.5513947,81.81013804,82.00673155,82.04255074,82.02561278,81.98858441,82.03542732,82.04226495,82.02736827,81.95895366,81.85923555,81.73119974,81.65100276,81.45600189,81.21344268,80.95337944,80.60107072,80.21980893,79.78291051,79.3790573,79.02330366,78.71104105,78.31934184,77.89828298,77.61962738,77.44511472,77.44577409,77.54354404,77.48064316,77.2520594,77.02858965,77.03181985,77.28481559,77.39355136,77.44085805,77.59323008,77.78613792,78.01656372,78.00001351,77.94610705,77.9080383,77.88658867,77.94820804,78.18773574,78.39872289,78.51961977,78.57933102,78.67927158,78.87074506,79.17046183,79.60770887,79.96392151,80.34818465,80.63062923,80.89471909,81.20728893,81.54942751,81.85255209,82.01494911,82.04542634,82.04426842,82.04194199,82.07073548,82.14389529,82.26359921,82.37726048,82.508546,82.62934354,82.84435128,83.03421263,83.09569017,83.10353605,83.119064,83.18398542,83.30541723,83.47780054,83.77049938,84.01201625,84.33560523,84.46643276,84.63230917,84.84391005,85.05899143,85.36418416,85.75366313,86.01021153,86.16968392,86.25181616,86.32974129,86.42152993,86.62831215,87.23472835,87.59844151,87.81377859,87.87598142,87.74846215,87.63217123,87.47696281,87.27409658,87.12506007,87.03722431,87.0240585,87.06226958,87.18273245,87.4211514,87.7294799,88.27335583,88.62141422,89.07232945,89.89800408,90.35916032,90.58558645,91.03367248,91.76941016,92.25112424,92.64970877,92.92428893,93.38275765,94.00129462,94.75738133,95.86519219,96.78463743,97.66885172,98.50787359,100,101.1702357,102.4717309,103.7442288,104.9159351,105.71558,106.0654445,106.1238693,106.0964713,106.0544963,106.0853914,106.0472819,106.000446,105.8472457,105.4214581,104.7424006,103.6747043,101.8386845,99.19405123,97.34777006,96.00644814,95.15108741,94.68880781,94.52167618,94.54965894,94.6926461,94.97693357,95.37360321,95.68197592,95.73493713,95.60443653,95.43055357,95.28577811,95.183774,95.17277587,95.18772061,95.36455243,95.74873585,96.26069266,96.63751417,96.84718346
"종합","지방",68.35885551,67.76079683,67.35650033,67.416319,67.44192704,67.47331005,67.50345037,67.41157398,67.31663777,67.18149808,67.16036729,67.15788785,66.91589411,66.66330516,66.5515449,66.60160865,66.81659321,67.15256827,67.44823292,67.65213948,67.86025698,68.08518289,68.24872082,68.28498514,68.23837246,68.30105881,68.39975811,68.52472317,68.75771386,68.94376889,69.1096846,69.13991121,69.13133574,69.09332507,69.18932391,69.35616211,69.57823117,69.69764281,69.7902851,69.84317685,69.86778166,69.87203241,69.84535714,69.83741251,69.83957891,69.84859721,69.87150501,69.96391841,70.05623479,70.11962494,70.18401605,70.26799772,70.44787318,70.72615871,70.89007401,71.16550937,71.35053711,71.49632415,71.69261018,71.77083438,71.7050655,71.47331646,71.27583684,71.18647471,71.14884679,71.17833626,71.23935449,71.30917446,71.379697,71.524342,71.89138896,72.15346215,72.47104482,72.73876103,72.90919824,73.2214017,73.53926359,73.88525803,74.22951894,74.52011287,74.71318989,74.91297949,75.18859617,75.57405987,76.15640702,76.69260385,77.26193081,78.17982434,79.36766205,81.11500674,81.33797293,82.18275933,82.93467653,83.75381638,84.65664378,85.34611932,86.08976522,86.46643214,87.01447019,87.105596,87.33397064,87.47716023,87.5840258,87.57058274,87.50639369,87.47456424,87.48871259,87.53246089,87.57928859,87.62703528,87.63259625,87.63362604,87.68535241,87.88367642,88.07290943,88.19855272,88.32190792,88.33744766,88.41333767,88.63269245,88.84966329,89.075681,89.32168985,89.46383808,89.61706242,89.74662846,89.84068636,89.9136524,89.99626715,90.08968088,90.2481786,90.44056797,90.61151752,90.7939525,90.93835035,91.08678173,91.30074339,91.58636002,91.79778768,92.05704965,92.25952196,92.45492473,92.70655289,92.93225432,93.16714779,93.26860706,93.3152099,93.31706383,93.31171272,93.31376132,93.29855687,93.24737084,93.20909642,93.19969009,93.21561878,93.29226841,93.36912079,93.42299849,93.44558293,93.45633644,93.49046124,93.54009798,93.62055592,93.70160933,93.77922221,93.89473635,93.98519712,94.05331762,94.07448699,94.06205154,94.01399863,93.97880791,93.94578943,93.88791293,93.76185703,93.64555485,93.51975027,93.35935365,93.31879909,93.30382072,93.32168819,93.25161329,93.11290127,93.01785959,92.88305265,92.71224209,92.57305796,92.43124715,92.28395702,92.16116388,92.07084556,92.04909493,92.08892651,92.23930638,92.39288591,92.55905707,92.73615854,92.78472032,92.81203526,93.12160682,93.52705224,93.92467213,94.31380379,94.63229146,95.17946264,96.24118934,96.99026077,97.61555138,98.13442064,98.64114074,99.18622871,100,100.5706905,101.2486576,101.8822722,102.5613794,103.0858463,103.3422928,103.4829256,103.564452,103.634568,103.7226886,103.7828791,103.8110132,103.7969385,103.6085245,103.2483992,102.6817093,101.644873,100.1984434,99.04322322,98.12180121,97.44958146,97.0133341,96.76033094,96.63327954,96.54899615,96.57006045,96.66228724,96.74644028,96.76404985,96.6938888,96.59099601,96.45899155,96.33147342,96.246498,96.19220389,96.0963916,96.01634519,95.97994754,95.95071347,95.89234719
"종합","6대광역시",60.55593086,59.92299148,59.5571615,59.57450359,59.6360414,59.6859551,59.67871939,59.55195436,59.45192862,59.2469294,59.16521882,59.09618513,58.79635228,58.53017019,58.36706952,58.36258758,58.53712232,58.82525491,59.06111612,59.21022422,59.36009847,59.54932237,59.6780062,59.61673329,59.59918944,59.66506567,59.78682692,59.86258552,60.06317074,60.28997004,60.45101207,60.57194362,60.57191244,60.65219627,60.81259119,61.11168796,61.69532759,62.20038409,62.6240084,62.80532337,62.94162623,63.06493931,63.28299327,63.45817209,63.62686405,63.75814459,63.97345981,64.27916952,64.63048116,64.85479338,65.08297682,65.24317467,65.66630664,66.07268669,66.61132677,67.18082109,67.77056923,68.20546661,68.67498044,68.78055816,68.72426992,68.48750183,68.24009921,68.10672831,68.01592391,67.97403619,68.04081226,68.15394033,68.23088203,68.38451672,68.82096972,69.10901812,69.40111753,69.60928039,69.7690889,70.04480551,70.29925121,70.60587799,70.86094375,71.00044868,71.05814429,71.17002081,71.34084843,71.66890808,72.09645443,72.51994408,72.96585614,73.75058881,74.67425401,76.02281549,76.15000679,76.84056836,77.41416859,77.95048261,78.57048594,79.01147152,79.51481987,79.70462785,80.02782931,80.02781771,80.10355013,80.14035278,80.11593536,79.98205202,79.77963084,79.57059314,79.44198079,79.3681817,79.35117089,79.27888588,79.18666934,79.08157532,79.02428739,79.23475879,79.37939323,79.50347149,79.60203163,79.59990102,79.64890099,79.8882859,80.12560435,80.34185266,80.55597736,80.72594704,80.90632881,81.03609522,81.11860408,81.17470864,81.26414524,81.37630068,81.56084099,81.76148671,81.94522502,82.12887904,82.26766332,82.44892665,82.73331393,83.16903562,83.50024104,83.9029252,84.19503325,84.44826982,84.75960636,85.07506948,85.38468855,85.48884063,85.49842184,85.49396968,85.49441323,85.51317385,85.54320281,85.55675958,85.58887892,85.66055164,85.74420622,85.91484734,86.0935617,86.21418479,86.26401019,86.2885952,86.33970314,86.42475056,86.53242907,86.65069029,86.78296356,87.01264472,87.18175161,87.31455305,87.41619149,87.45070052,87.47860731,87.50857657,87.54849269,87.56855193,87.53817848,87.50251654,87.44925984,87.36484779,87.42767868,87.58019408,87.73203137,87.84303911,87.80167179,87.7638324,87.69649791,87.59758311,87.53421743,87.48856837,87.43754759,87.43226721,87.51133899,87.66090843,87.88724592,88.2788439,88.58648968,88.89354867,89.3998526,89.68433009,89.84972072,90.29281862,90.69967806,91.04883953,91.52941614,91.96172019,92.76748192,94.14865099,95.15912194,96.14478878,97.00506813,97.81821373,98.67633407,100,100.8415462,101.7705177,102.638276,103.5379552,104.1504293,104.4261314,104.4809362,104.4781752,104.4195938,104.3943683,104.2898937,104.1676979,103.9895323,103.5273705,102.8114063,101.8100752,100.0431033,97.72723742,96.05765142,94.75385497,93.76231642,93.17735391,92.85030052,92.70833255,92.62899158,92.6725133,92.77148947,92.83647447,92.74864769,92.55865485,92.40539072,92.21911281,92.04940219,91.93735085,91.85732734,91.735348,91.65074657,91.65313653,91.63975791,91.55289679
"종합","5대광역시",61.78013951,61.11991671,60.74473828,60.78754247,60.8920685,60.9486107,60.97005881,60.87234739,60.75443549,60.58070777,60.57238673,60.60889382,60.37288282,60.1404666,60.01612651,60.03137261,60.22276172,60.54744796,60.85712542,61.05186213,61.24341967,61.4474076,61.60559147,61.54727115,61.53533876,61.62514085,61.73733987,61.82636015,62.04146886,62.23643701,62.37325646,62.41805998,62.36924898,62.35721374,62.45909958,62.63105371,62.88683692,63.00005693,63.11009192,63.11619045,63.13563573,63.11418187,63.10177949,63.08895642,63.07988343,63.06254394,63.04917691,63.12771055,63.22523239,63.26245639,63.2989003,63.36198033,63.50064984,63.67239316,63.79843917,63.92307291,64.04538098,64.13682837,64.24087703,64.2784645,64.20936323,64.00687348,63.82108026,63.73702836,63.67995247,63.67313147,63.75645451,63.82969604,63.93371871,64.07997559,64.47952911,64.74817013,65.07774651,65.34235332,65.52595345,65.85417154,66.15504082,66.5543922,66.90652786,67.11471277,67.26338227,67.45078379,67.71461636,68.13193996,68.67597764,69.20203366,69.75313968,70.68847799,71.79259114,73.44187084,73.61467849,74.50156026,75.25504161,75.98346984,76.81637788,77.44507793,78.15380616,78.43586289,78.87129131,78.90928065,79.05989894,79.13622611,79.19270132,79.12247803,78.98137274,78.83300713,78.78874228,78.81426003,78.894199,78.96235053,79.00384495,78.98661665,79.01903713,79.25538787,79.44237906,79.61002801,79.76636028,79.79799452,79.86204266,80.09021679,80.32351395,80.57913856,80.84884243,81.03500017,81.1889955,81.32739494,81.42526285,81.50406678,81.61814057,81.74924296,81.93665001,82.14374688,82.34679641,82.56795159,82.73032666,82.92856374,83.20803956,83.65455905,83.99333631,84.41072225,84.71911951,84.99202416,85.33416558,85.68461271,86.02958398,86.12687998,86.13728119,86.13816557,86.13943035,86.16331828,86.19073601,86.18359321,86.20156671,86.25710712,86.34472631,86.53709732,86.73644473,86.87282597,86.94474316,86.99169064,87.04710213,87.14133541,87.2604167,87.3855542,87.52203837,87.73057053,87.87743582,87.99790219,88.08299486,88.12359997,88.15847207,88.17768681,88.21258628,88.23361546,88.2015223,88.15241054,88.10342567,88.03835604,88.11814288,88.27705799,88.39736872,88.45828687,88.41462693,88.3786049,88.3048782,88.18876962,88.11521009,88.05539659,87.99861988,88.01905538,88.08104268,88.23806032,88.47514528,88.87863075,89.22837514,89.51665682,89.75028892,89.84103382,89.89857546,90.26870374,90.67100023,91.07402263,91.6401455,92.14522862,93.07870396,94.74670377,95.86241429,96.81987668,97.56558244,98.2001908,98.9035055,100,100.6950565,101.4844076,102.1632775,102.8667829,103.3672531,103.5699266,103.6043173,103.5833068,103.5194349,103.4829094,103.3963304,103.2815247,103.1317963,102.735104,102.0769799,101.1794289,99.63070976,97.5911371,95.9861575,94.62453368,93.56501074,92.88619588,92.49334126,92.2930349,92.15172181,92.14566735,92.22088841,92.26758108,92.22107039,92.07220689,91.91616666,91.70313856,91.4998125,91.36744063,91.24279215,91.04508359,90.87459493,90.75601374,90.67976426,90.54560003
"종합","9개도",64.67485533,64.25167792,63.88901372,63.95886398,64.00525264,64.07532488,64.01825713,63.81233525,63.58905303,63.35626727,63.18372026,63.01688171,62.67069335,62.38192415,62.21172407,62.42425899,62.71176961,63.04889772,63.38576647,63.98571179,64.56768069,64.81748384,64.95896081,64.98514248,64.89734579,64.96357194,65.12894094,65.42704056,65.83229098,66.34957997,67.11015634,67.5067785,67.73527997,67.91486881,68.38443178,69.51612788,72.08048898,73.6277418,74.59375361,75.07929108,75.34244307,75.53868837,75.59691942,75.71486496,75.93508454,76.16574357,76.4608775,76.80641795,77.08349235,77.24027223,77.46529049,77.76355638,78.4158459,79.27830175,79.85158917,80.69663245,81.14267943,81.41820955,81.7135425,81.63278943,81.11235129,80.48241653,79.99599603,79.74856478,79.60007694,79.63733519,79.7350356,79.83489175,79.97043088,80.18804268,80.61356958,80.84361302,80.99609364,81.07026013,81.11431645,81.26189549,81.42078347,81.49361438,81.43698936,81.42251539,81.23338244,81.11936116,81.17663339,81.26942891,81.53853545,81.80355492,82.12437214,82.6776808,83.44778917,84.43836578,84.56521206,84.90819538,85.23780759,85.68647142,86.16641494,86.52729597,86.85815284,87.02658406,87.29680074,87.34991501,87.43952655,87.46857618,87.45128451,87.32110981,87.13959853,86.98353944,86.82283346,86.6824162,86.54174732,86.3842879,86.17211604,86.04176629,85.96949589,86.02719141,86.17640599,86.23140071,86.19118327,86.10680024,86.15246403,86.38062556,86.54315492,86.6916462,86.88862393,87.05201075,87.26022249,87.297722,87.30863224,87.33061266,87.35410226,87.42832057,87.64232591,87.84818795,87.9999088,88.12990271,88.26309681,88.43457697,88.67300306,88.98691612,89.22995822,89.48759944,89.68512167,89.88047693,90.121276,90.35833674,90.57073621,90.68086172,90.7344541,90.73672731,90.72576139,90.72221801,90.71901849,90.712694,90.70004609,90.70276673,90.71233538,90.77277174,90.82917536,90.84610508,90.84066605,90.83689894,90.86420491,90.9117796,90.98523666,91.06767956,91.17287728,91.32812154,91.42500131,91.5060079,91.563487,91.55984813,91.53022648,91.56485433,91.58736833,91.5752477,91.48419064,91.39527469,91.29284734,91.18918232,91.30527904,91.39129559,91.46227566,91.38447918,91.22050624,91.10143975,90.93602766,90.70283902,90.50536487,90.3334655,90.1940487,90.07863634,90.01536305,90.00650478,90.06429696,90.23823344,90.42159253,90.7562476,91.31056109,91.60727916,91.76958039,92.17044853,92.72605306,93.13829839,93.4909518,93.7527069,94.20927255,94.97924637,95.71792117,96.62492459,97.3688408,98.10457951,98.80478137,100,100.9433651,102.030759,103.0667611,104.0470419,104.7596578,105.1059983,105.2597882,105.3349234,105.4041592,105.519014,105.5851668,105.6385403,105.6148505,105.3850198,104.9733412,104.2796771,103.0262557,101.1796282,99.72773194,98.60169976,97.86798963,97.43123027,97.22585507,97.17647949,97.20908707,97.36627195,97.65118265,97.8918193,97.96809772,97.90464552,97.77002013,97.64989558,97.53965449,97.49129512,97.46432977,97.48350131,97.57098464,97.74272677,97.89245206,97.96808294
"종합","8개도",73.67135037,73.20348768,72.78225653,72.86298591,72.77320317,72.76686898,72.80760433,72.72949602,72.67297469,72.60102005,72.56287803,72.50499869,72.26882612,72.00247901,71.91528951,72.01205505,72.24791254,72.57998805,72.83811412,73.04299621,73.26237719,73.5037967,73.66530768,73.83397561,73.74073851,73.76115017,73.83484762,74.00352418,74.24818775,74.41061714,74.60808941,74.61583371,74.66493129,74.59224375,74.67422772,74.82388852,74.98487603,75.10604638,75.16853284,75.28478264,75.31527055,75.35583196,75.31042739,75.30989223,75.32792396,75.37393856,75.4471909,75.55390564,75.63331071,75.73025075,75.83069468,75.9395172,76.16753191,76.58164404,76.789992,77.26552829,77.52969104,77.74500648,78.06264226,78.19388031,78.13668752,77.87701322,77.6745246,77.58286592,77.57504779,77.65438737,77.68012648,77.74098836,77.75985662,77.8937628,78.19343544,78.43103625,78.71334554,78.97001633,79.11212218,79.38391476,79.70747419,79.95894979,80.27269397,80.66216055,80.90649447,81.11228552,81.38875227,81.70780228,82.31081275,82.83097356,83.39374385,84.23611426,85.47418717,87.26072859,87.54085793,88.28084513,88.98943769,89.88886556,90.83874484,91.57432674,92.32550647,92.81198307,93.45728812,93.58956123,93.878372,94.07348176,94.21950507,94.25001133,94.24538018,94.30407938,94.36372579,94.42172733,94.44281349,94.46928707,94.44018157,94.44971099,94.51081337,94.6760476,94.86458459,94.95552883,95.05349696,95.05849774,95.14404987,95.35619103,95.56061473,95.76444346,95.9928699,96.10102472,96.25528823,96.37937224,96.47281748,96.54255653,96.60421184,96.6707885,96.80916549,96.99067863,97.13874874,97.29306588,97.42580709,97.53767247,97.70410805,97.86972313,97.98647003,98.12868883,98.25124883,98.3888572,98.57346522,98.704936,98.85756842,98.96358871,99.03877349,99.04089055,99.0291294,99.01360493,98.96467567,98.87846975,98.79479754,98.73393445,98.69474002,98.68306377,98.66566917,98.65565379,98.63988409,98.62336679,98.641932,98.65543551,98.69744083,98.71979075,98.74315686,98.78188702,98.82877866,98.85714185,98.82951837,98.77643296,98.66223358,98.58332261,98.49574415,98.37299764,98.17202324,98.00037179,97.81064012,97.57556666,97.44560111,97.3001734,97.23917181,97.07135434,96.85940679,96.72109446,96.54284531,96.34028335,96.15620671,95.96003613,95.74971217,95.52305154,95.32191259,95.17088233,95.07166824,95.03186868,95.01615283,95.06183073,95.11893367,95.10888872,95.10963469,95.34179423,95.65054741,95.89946042,96.09817931,96.2671473,96.54571392,97.2061568,97.70961923,98.11110113,98.47780015,98.90213251,99.35094368,100,100.5111699,101.1413585,101.7636647,102.4458322,103.011741,103.3460541,103.5716383,103.7285611,103.8959623,104.073241,104.2351492,104.3661413,104.4488064,104.406776,104.2523564,103.9097264,103.2185631,102.2228325,101.4359346,100.854097,100.4275483,100.1268712,99.93889732,99.83896158,99.77662395,99.80918032,99.90626037,100.015766,100.076755,100.0649225,100.0044522,99.94898515,99.89743122,99.86446439,99.87917462,99.85948744,99.85173838,99.8760529,99.88271574,99.88056551
"종합","서울",55.60303007,55.20339418,55.05458661,55.27534344,55.50553885,55.69095013,55.72147971,55.58164446,55.42364844,55.11656092,54.91908696,54.68368511,54.44946534,54.18666882,54.02140787,54.34151902,54.50688528,54.85926467,55.17382352,55.79602422,56.46947864,56.6929792,56.905535,56.91216683,57.0427072,57.24968157,57.57993673,57.98804365,58.63060955,59.5144621,60.35430931,60.81191861,61.05923308,61.26772589,61.90100311,63.14513784,66.03740455,68.04632498,69.46796786,70.06566157,70.5228212,70.93846159,71.11468988,71.45407653,71.985445,72.33341993,73.01852348,73.61137497,74.29456671,74.72316844,75.49036048,76.14759148,77.71125075,79.42272659,80.67390023,82.0791365,82.82871962,83.19198934,83.60393514,83.590472,83.01726118,81.86714875,81.29732512,81.20275133,81.08119304,81.27894628,81.38042362,81.67897868,82.26499716,82.710327,83.63663355,84.03746444,84.1323702,84.16746269,84.27650197,84.46916711,84.53218653,84.51727067,84.30252982,84.0975576,83.81246268,83.49544951,83.3401298,83.24373462,83.19333536,83.22159705,83.35918986,83.55468568,83.74255905,83.85826894,83.96451726,83.94904916,83.89218485,83.99225742,83.97357013,83.96487731,83.89547784,83.79517391,83.65812322,83.53856312,83.26252875,82.85954665,82.53544693,82.12611027,81.75084293,81.24934701,80.84780216,80.51177131,80.21440076,79.8182627,79.41107737,79.1684976,79.10418052,79.13711971,79.25494252,79.06795211,78.72972871,78.40351759,78.40728333,78.66774443,78.71678418,78.69314483,78.87271004,79.05650272,79.23373399,79.22505566,79.1691834,79.10985014,79.07489859,79.11328649,79.30753302,79.50572545,79.58228407,79.58227818,79.65113668,79.81107881,80.09673057,80.50881544,80.8599903,81.26473043,81.57130958,81.87325069,82.23982063,82.62217351,83.00120488,83.24203917,83.28184961,83.28307565,83.29106581,83.35525268,83.47652611,83.66253142,83.85463208,84.06864923,84.28821348,84.65090707,84.94355723,85.02389568,85.04526166,85.09095274,85.20533212,85.40224886,85.70225209,86.2693337,86.6220897,87.01365093,87.07622812,87.27841342,87.59575389,88.11494714,88.87176251,89.70795266,90.19890426,90.4802884,90.67385165,90.88445031,91.17432473,91.74970763,92.89357732,93.36673096,93.55804551,93.59443773,93.4033521,93.22992479,93.02607024,92.8607583,92.7631572,92.72795435,92.79219973,92.92097335,93.07751561,93.49059427,93.95361673,94.76396709,95.08272835,95.22367649,95.34956879,95.33097689,95.24934147,95.37277817,96.05322304,96.45979821,96.72259537,96.87786929,97.04028414,97.29401125,97.67921467,98.17517319,98.54939084,98.89503353,99.28601155,100,100.6039018,101.2918967,102.01645,102.7431428,103.3129946,103.584352,103.6256888,103.5831374,103.5744934,103.6139953,103.6579033,103.6542275,103.5654855,103.314026,102.8313308,102.0035175,100.6398362,98.66356733,97.43215863,96.65150347,96.12405627,95.79494975,95.69405907,95.73964334,95.88006285,96.16104856,96.47073297,96.71329873,96.80564336,96.73855944,96.6247852,96.53919646,96.53684705,96.62205182,96.75471062,97.12059235,97.85716293,98.6670865,99.20315204,99.5305707
"종합","경기",56.36953019,55.99155933,55.68069809,55.74081087,55.87557603,55.99437626,55.87380335,55.58987139,55.26379567,54.93315005,54.6782482,54.44596892,54.04069649,53.74818053,53.5303692,53.81029629,54.12077219,54.44860763,54.82466815,55.66424881,56.46947062,56.71635054,56.83941848,56.76849524,56.68740917,56.78223682,57.00386323,57.37906243,57.87945558,58.62216118,59.74852934,60.40602959,60.75460779,61.10852605,61.84281017,63.66187183,68.00266943,70.66218583,72.35574622,73.14151926,73.59632252,73.92097558,74.06667042,74.28368037,74.67319441,75.05851687,75.54002932,76.08667196,76.53130118,76.73722917,77.06720737,77.52674251,78.54323604,79.79027356,80.68267018,81.84686677,82.45017224,82.77466456,83.0418302,82.76292481,81.82167795,80.863987,80.12817169,79.74412214,79.47082663,79.4688039,79.62969225,79.762667,80.00154096,80.29045883,80.82098463,81.03831401,81.06775923,80.97312239,80.92669291,80.95767844,80.96344504,80.8732912,80.4860274,80.11306524,79.54721171,79.15708256,79.02302456,78.91851942,78.89508389,78.93657116,79.04484538,79.34146129,79.70219274,80.01290802,80.01164276,80.02424853,80.0407956,80.1185574,80.21476595,80.27257613,80.26786523,80.18631681,80.06117186,80.02300301,79.8837193,79.72287501,79.5197005,79.20774431,78.82721398,78.43063639,78.02465304,77.66465093,77.34602484,76.99071187,76.5831153,76.30390699,76.08980604,76.03244692,76.1384638,76.15474298,75.96837868,75.79032628,75.79342533,76.03620145,76.15286515,76.2414715,76.40328223,76.62329203,76.88646125,76.83207572,76.75581507,76.72726851,76.7066828,76.78820416,77.07993724,77.3095321,77.4636364,77.56660469,77.69879996,77.93085631,78.24229942,78.70914416,79.08329957,79.46092429,79.73762531,79.99379582,80.29353261,80.64332335,80.91916533,81.03298482,81.06270893,81.06513601,81.05511228,81.06462829,81.11123484,81.19204435,81.25705101,81.32930777,81.39177141,81.53022437,81.66666359,81.71287986,81.71875443,81.72893447,81.76560573,81.85010126,81.95748267,82.10520995,82.2995378,82.58202094,82.73344883,82.87211238,83.02338831,83.07443978,83.13863492,83.29910291,83.44402753,83.55540159,83.58771233,83.59192928,83.58798087,83.63266783,84.02659203,84.37558596,84.59715066,84.62268636,84.51348179,84.41659412,84.26629463,83.9993952,83.78755482,83.64368584,83.58484411,83.59569727,83.68904774,83.84204786,84.07903735,84.49782257,84.90588123,85.56860434,86.69337291,87.34586147,87.69664885,88.29481778,89.14082937,89.74625337,90.28180178,90.65411771,91.3236021,92.22472795,93.24712207,94.77007079,95.97858338,97.10105129,98.1155498,100,101.5216497,103.2264204,104.8266981,106.2166408,107.1316817,107.4945125,107.5489478,107.5111449,107.4451155,107.4740911,107.4087823,107.3558042,107.1867116,106.7009927,105.9404907,104.7740124,102.7709087,99.80793118,97.54743312,95.76911214,94.67121498,94.07421233,93.84865637,93.85908766,94.00690765,94.31142457,94.81914806,95.21588165,95.31032556,95.18529664,94.96432038,94.76903678,94.5906817,94.52451459,94.44914762,94.51346047,94.71165977,95.05521374,95.37226602,95.53911554
"종합","인천",55.9161916,55.37866719,55.04719503,54.98190346,54.90390824,54.93188085,54.83237462,54.61376055,54.57233181,54.26943086,53.95425948,53.55125374,53.0542489,52.68571504,52.40363025,52.33765418,52.45719753,52.62747521,52.6310188,52.63699033,52.65611269,52.79700939,52.8330484,52.76366453,52.7291758,52.72067972,52.86982804,52.90375431,53.05669562,53.37753711,53.61055147,53.9646082,54.11583145,54.48275373,54.8244078,55.5226391,57.15696377,58.95544172,60.44203367,61.22864685,61.77289265,62.40680586,63.44872883,64.30630487,65.12878242,65.8131843,66.89103113,68.06661704,69.40597821,70.37022013,71.36667904,71.91918839,73.50679488,74.88909028,77.18391543,79.70056994,82.39701321,84.41965742,86.61583876,87.0452377,87.05411436,86.66328114,86.13016654,85.7653549,85.51658344,85.30818324,85.2923241,85.59139959,85.53460013,85.71617984,86.30845387,86.67562704,86.77427868,86.70366365,86.74318129,86.75813422,86.78285377,86.64245514,86.43627661,86.25333989,85.89126775,85.65456037,85.39785568,85.31344462,85.20776376,85.16507726,85.13708384,85.24764265,85.37624811,85.43113306,85.36621761,85.23504379,85.06702892,84.82271708,84.58923072,84.28888267,83.99112998,83.82483881,83.71164418,83.5826081,83.40463121,83.30795275,83.01149114,82.66460821,82.2578505,81.84725502,81.43911277,81.03759388,80.70222575,80.18070262,79.66384297,79.2813688,78.94213274,79.07122948,79.08316308,79.07107151,78.98963341,78.88262778,78.88488206,79.15873311,79.40822501,79.50210529,79.54403625,79.66379769,79.92543138,80.0283501,80.06331875,80.04931704,80.06271284,80.11639251,80.29185797,80.47238216,80.59649947,80.66477002,80.73121025,80.86034827,81.15930986,81.56140004,81.8689891,82.22619758,82.46457527,82.65298887,82.86291515,83.06338364,83.25698211,83.38359534,83.39048627,83.36853874,83.36629018,83.36824275,83.40682468,83.48826026,83.56680599,83.69146319,83.76206687,83.8612382,83.97215311,84.04103944,84.01841519,83.96974737,84.00675801,84.06172847,84.13208723,84.22783935,84.34631677,84.64510986,84.88700589,85.06020875,85.21609671,85.23053818,85.23552369,85.3008825,85.35731219,85.37417675,85.34946727,85.35810817,85.29077987,85.14268749,85.14973706,85.28119826,85.53674604,85.81288833,85.77905784,85.73525097,85.68892747,85.6465505,85.61672637,85.61770749,85.58564598,85.49571464,85.63100867,85.75605008,85.94700586,86.29947404,86.47024844,86.83816932,88.23617283,89.16151585,89.68629908,90.37362648,90.79578642,90.96455186,91.15955609,91.34980634,91.73275531,92.17312312,92.84115024,93.91800688,95.15124668,96.54975696,97.91932829,100,101.3273669,102.7221656,104.2244201,105.7882114,106.7821314,107.3074895,107.4322209,107.4920482,107.4516516,107.4652269,107.2993908,107.1519091,106.8763523,106.1903894,105.277276,103.923136,101.4186854,98.17854414,96.29705379,95.18276976,94.4147195,94.13949081,94.03041934,94.08227353,94.21231251,94.42184045,94.60047884,94.72686604,94.50041277,94.17269218,94.02851482,93.93009694,93.87096868,93.82585132,93.89306489,94.02166088,94.22232928,94.62844571,94.82579255,94.89792242
"종합","부산",66.40103561,65.70492892,65.17710326,65.12317832,65.12998569,65.13950387,64.98564937,64.68953399,64.25550758,63.95924073,63.80225118,63.65028205,63.29432804,62.90585931,62.64773455,62.5561932,62.51086666,62.50058577,62.52266252,62.47302388,62.42632719,62.3653949,62.31871653,62.11933407,62.05938434,62.02915301,61.91268869,61.92018297,61.9331969,61.8764312,61.75554344,61.63498465,61.52143233,61.480446,61.44760158,61.45852932,61.50269603,61.50703318,61.51357547,61.47867634,61.47836634,61.49657987,61.4605195,61.42402538,61.42654728,61.43895108,61.49068066,61.54661127,61.66017872,61.75161854,61.83775843,61.92565334,62.19158563,62.46385506,62.6495857,62.91048849,63.18965196,63.34960326,63.61003046,63.77931898,63.83710863,63.82438041,63.77542009,63.79225255,63.87395916,63.98296131,64.1347872,64.25520492,64.37462181,64.57229381,65.17740907,65.51133438,66.03932453,66.43093282,66.66683999,67.17397281,67.81053238,68.57711004,69.19943957,69.69527711,70.06528032,70.41116143,70.90080539,71.65702604,72.60694201,73.46715374,74.3242553,75.53638184,77.01442813,79.70713053,80.10786869,81.00943701,81.83230012,82.58375252,83.37162652,84.08035604,84.88864674,85.1577683,85.15913002,85.00011167,84.89155554,84.71373325,84.51021549,84.17577634,83.89887944,83.57941922,83.44008382,83.37352246,83.3103596,83.16687428,83.00783544,82.88753438,82.81656803,82.86975397,82.92767972,82.89938696,82.81747314,82.73459966,82.70241009,82.83064031,82.90072846,82.96882489,82.98843838,83.05647168,83.12537596,83.1646768,83.2034915,83.2393029,83.3156703,83.3925033,83.49932555,83.66529953,83.79118798,83.91323216,83.99216343,84.14809285,84.38304451,84.70186711,84.94274583,85.27525015,85.49794263,85.65005014,85.90133346,86.23644803,86.64571163,86.79094191,86.83690404,86.90153185,86.97009197,87.08788519,87.19739021,87.35342211,87.53899176,87.8480466,88.15370469,88.66974271,89.18967547,89.55359263,89.75861648,89.91672471,90.06690788,90.32257738,90.67547901,91.02084715,91.28401184,91.49514979,91.58966715,91.63669752,91.66153342,91.65884948,91.59585071,91.51817111,91.44715778,91.3372912,91.22612243,91.10625765,90.9800246,90.7711414,90.65080012,90.57290192,90.45135594,90.29123279,90.12156782,90.00394039,89.84685242,89.64683145,89.4479667,89.25449367,89.0698721,88.92423295,88.77478405,88.66860155,88.70992433,89.10565229,89.26794997,89.35403078,89.38210782,89.33741968,89.32591767,89.38242377,89.89592102,90.30536244,90.80252762,91.2434075,92.41012132,94.3654618,95.63432081,96.58360928,97.21692908,97.7681082,98.55184782,100,100.8503806,101.8519423,102.7403312,103.6651516,104.3394306,104.5992989,104.6779712,104.7335916,104.7988884,104.9144648,104.9613569,104.9820123,104.9009372,104.5971471,104.0304978,103.1486676,101.6984916,99.80275172,98.07202933,96.62428512,95.53292233,94.84954133,94.41980883,94.1493366,93.93696804,93.77694101,93.70123504,93.57997191,93.38082477,93.11380011,92.9096619,92.64441459,92.41303299,92.24410048,92.11176256,91.91480259,91.758043,91.67371281,91.61016104,91.45458365
"종합","대구",58.18470634,57.4633518,57.02675231,56.96102802,57.13314531,57.11199495,57.03149832,56.89416019,56.81415259,56.56756944,56.57822209,56.53294882,56.39578016,56.2760748,56.26911127,56.31020342,56.54820857,57.19732926,57.83144486,58.32926788,58.70762493,59.13153856,59.61521848,59.84130599,60.00012607,60.27510555,60.52097129,60.69844923,61.08694679,61.29019919,61.51031917,61.5392966,61.41819591,61.36149669,61.43548293,61.46907159,61.55501284,61.59077098,61.56031026,61.48643799,61.37303669,61.1905455,61.20109129,61.06337128,61.04271615,60.95463151,60.90409919,60.92723259,60.92400934,60.85377461,60.7920257,60.82055644,60.80957038,60.79247213,60.73045696,60.62077329,60.57938476,60.50198712,60.40363437,60.27770875,60.0372322,59.53139309,59.07838177,58.69730132,58.46347484,58.29768928,58.31078481,58.27298831,58.29705339,58.30823545,58.4826676,58.62646718,58.72377357,58.82296018,58.87786726,58.94402678,58.96040644,59.07822515,59.12850197,59.11535277,59.10357956,59.14516923,59.22361713,59.36371298,59.57389277,59.7290475,59.92278864,60.40079784,60.96151783,61.6329538,61.7499421,62.22535982,62.60988634,63.08589564,63.67645068,64.10706607,64.78278143,65.10267964,66.12121784,66.37213399,66.69185345,66.97462262,67.13008056,67.18091186,67.25618216,67.45334337,67.56158588,67.69523685,67.86786226,68.3133035,68.69342581,68.83460841,69.01002903,69.60805835,70.13179787,70.74433603,71.5671628,72.01528676,72.36688332,72.8961324,73.51606,74.36163228,75.25322242,75.75876423,76.17071477,76.55736527,76.84569879,76.99259371,77.14986473,77.37253315,77.71674437,78.05373951,78.52361396,79.02850873,79.39563183,79.75398456,80.14942224,80.85047812,81.48752185,82.22710975,82.86971044,83.53195022,84.3469804,84.93928425,85.32398952,85.3202083,85.20430472,85.03679405,84.84095419,84.64497558,84.5404548,84.31409517,84.18944281,84.01158636,83.90709836,83.84532407,83.80655357,83.75285104,83.69270182,83.62932311,83.58505247,83.5489819,83.47253175,83.47602092,83.54415666,83.92486188,84.19744187,84.43762358,84.6604622,84.83447308,85.04636108,85.18510751,85.35534974,85.63513226,85.8556806,85.99395908,86.11732433,86.2779108,86.58679124,87.07128544,87.53592337,87.92446995,88.0521996,88.12126633,88.16390584,88.17995174,88.23724765,88.26640637,88.27898709,88.30214615,88.37516513,88.53923339,88.73025728,88.98767214,89.3487293,89.60474091,89.65576137,89.54959484,89.54740471,89.74278951,89.98010467,90.4115447,91.06589763,91.74559251,92.71576943,94.19058224,95.27288535,96.51562261,97.59014109,98.3889402,99.16596539,100,100.3449322,100.6109898,100.7572045,100.8464247,100.8453825,100.7433912,100.5217209,100.2425946,99.81633152,99.40640276,98.90889991,98.39825497,98.05198477,97.44615376,96.72414143,95.73733862,94.244068,91.83401097,90.06707662,88.49946321,87.39597172,86.53844369,86.05505035,85.86130583,85.73033767,85.85143366,85.99769463,86.11154075,86.08150026,85.88226198,85.61560503,85.24461925,84.89815394,84.73828019,84.53021228,84.15195613,83.81211154,83.53631733,83.3433209,83.11741811
"종합","광주",61.89242498,61.54712979,61.25592198,61.24148287,61.29813053,61.39891778,61.25024856,61.25268821,61.43432911,61.48810721,61.71021337,62.36799058,62.47319104,62.58332042,62.65024223,62.83356369,63.1307165,63.46625141,63.89902259,64.0683936,64.27694353,64.79541078,65.01053,65.03340116,65.12966509,65.21940528,65.47736511,65.71390718,65.92246993,66.3999624,66.46477907,66.76477226,66.78007043,66.84726592,67.02345155,67.24818874,67.34488089,67.38627587,67.4030881,67.41178431,67.45462946,67.52979144,67.38007748,67.38984338,67.44981059,67.48605954,67.38998458,67.48869424,67.60506077,67.63397894,67.6210048,67.62150333,67.72028792,68.01974541,68.31885909,68.45752038,68.48131455,68.56739886,68.74126624,68.76943243,68.72476415,68.57025761,68.38212524,68.33348932,68.23104863,68.15012279,68.04812189,68.00733109,67.93130024,67.91469846,67.97759205,68.01757712,68.00372105,68.06192232,68.11060736,68.17484799,68.16920797,68.22161784,68.36610588,68.35324473,68.30711765,68.34586446,68.43463935,68.64001186,68.89780386,69.32907607,69.7263096,70.6925357,71.86599533,73.6873629,74.12546051,75.30683986,76.33656458,77.37778514,78.70197309,79.47448197,79.96921506,80.26402759,80.90769095,80.88329961,81.29874556,81.50387262,81.88986528,82.31695568,82.43958197,82.40488001,82.40311922,82.40868128,82.49503783,82.61306883,82.62195233,82.68526082,82.79823997,82.99898365,83.13937403,83.21078083,83.18271385,83.13464941,83.11999535,83.18991962,83.30316539,83.31776401,83.33102741,83.50780842,83.56075741,83.65897495,83.69995402,83.72853462,83.83280691,83.92019209,84.03975655,84.18291572,84.30865393,84.52199664,84.75027731,84.99248254,85.47479207,86.37787582,86.89092806,87.50899534,87.89319977,88.19636524,88.42717614,88.78862822,89.264884,89.45019127,89.51202853,89.53866354,89.59437047,89.71180329,89.71804174,89.67851455,89.61614263,89.56595531,89.55058692,89.60379033,89.67516222,89.76342852,89.83503674,89.86541906,89.87635042,89.92174477,90.02769182,90.08964878,90.25311478,90.4439269,90.62805623,90.84417384,90.92011083,90.96649664,91.10222783,91.25047953,91.46104445,91.65115716,91.83007076,91.96248828,92.21496885,92.48163076,93.10464173,93.67360286,94.10170852,94.49812738,94.66745979,94.80470456,94.86959434,94.9052366,94.8836987,94.84855904,94.80426918,94.79293366,94.80354102,94.82162755,94.91667944,95.02915623,95.13478592,95.24601642,95.32016937,95.35184988,95.33799634,95.33033646,95.37225628,95.43912134,95.53210719,95.6181337,95.83444457,96.87200719,97.42041948,97.80669861,98.14190049,98.57867764,99.03848913,100,100.7334672,101.593649,102.4173668,103.3940963,104.1868211,104.7289614,105.1279214,105.3723554,105.5995988,105.8056547,105.9788959,106.1084504,106.1239609,106.0355839,105.5104103,104.8977146,103.4079169,101.7098374,100.4865645,99.43989642,98.57807352,97.98175536,97.61094881,97.38694577,97.21099293,97.15084213,97.18151933,97.30966305,97.36554797,97.36606162,97.28320087,97.18232888,97.10993915,97.03982755,96.97784852,96.87099489,96.76829758,96.70095573,96.6649615,96.56417211
"종합","대전",59.58519451,58.67984891,58.71178002,59.07088263,59.25242219,59.5402609,59.98318788,60.22697854,60.37582945,60.35833578,60.35532413,60.09994815,59.37892834,58.83330284,58.51737624,58.54424932,59.1175089,59.61765208,59.88068057,60.13459752,60.44612527,60.47712729,60.35205972,59.87240011,59.57189534,59.69397164,59.82575389,59.684066,59.74690734,59.80408747,59.70105415,59.48887246,59.28242959,59.1091116,58.9210208,58.86213725,58.97458992,59.00182818,59.10556864,59.00272712,58.8722337,58.6127923,58.50539502,58.38815261,58.2556487,58.1791306,58.13977164,58.18984842,58.23398265,58.27192428,58.31212223,58.32151676,58.40818836,58.51660268,58.55399026,58.60925584,58.84697117,58.98959435,59.15233667,59.17685455,59.12583735,59.08853009,59.03888682,59.04273651,59.04187265,59.0739575,59.23851609,59.40450547,59.61305188,59.87396863,60.4615141,60.93248181,61.39486552,61.83147608,62.2209289,62.80225365,63.11926857,63.50775055,63.93669062,64.11529874,64.22873136,64.53258962,64.81841056,65.29846503,65.85046935,66.57173903,67.23027444,68.38136257,69.43672471,70.51825212,69.93705901,71.25989843,72.33255532,73.24063165,74.13705486,74.69006815,74.83513773,74.7883695,74.60664076,74.35932948,74.25071915,74.06891107,73.90742703,73.44822195,73.09063388,72.61992285,72.52256917,72.58087753,72.70386575,72.71059661,72.73953171,72.69023383,72.72568019,72.87181505,72.92052633,72.92364889,72.77562058,72.58797369,72.53596646,72.68182384,72.78780105,72.90469053,73.14077719,73.12654662,73.14774448,73.11865613,73.03208169,72.98051101,72.97166521,73.03052577,73.16176953,73.30451462,73.35379177,73.37273637,73.40536787,73.43031548,73.52115505,73.55155757,73.57031211,73.57421097,73.54816377,73.55184521,73.52813381,73.57994191,73.6542947,73.62921108,73.58863706,73.56858489,73.60368879,73.60577534,73.61065839,73.59852085,73.61481507,73.63764121,73.66296221,73.70221803,73.76739434,73.83352653,73.92209934,73.96822215,74.02845254,74.09715341,74.12199631,74.15491552,74.21416445,74.38530277,74.52730919,74.67175312,74.87191708,74.94750428,75.05100053,75.16383566,75.24602799,75.29156293,75.28706415,75.27943849,75.2931352,75.41074212,75.54723353,75.97588568,76.45759373,76.83863009,77.03310571,77.12469474,77.16894096,77.18250797,77.34687239,77.6276787,77.90212172,78.50155163,79.23884019,80.20259544,81.14212785,82.07746877,83.11562273,84.02949745,85.11934755,85.87508176,86.24037361,88.12988577,88.85543065,89.52595563,90.59277384,91.3306257,92.25811378,93.56300675,94.63519968,95.82339907,96.95781948,97.9601659,98.88276603,100,100.8152351,101.8723209,102.7303759,103.621351,104.2084194,104.3668955,104.2807133,104.1981544,104.0772922,103.9710895,103.8350242,103.7356535,103.5428553,103.0255443,102.1202095,101.0163572,99.35889113,97.13171591,95.47296015,94.22436543,93.21855673,92.7868278,92.63525382,92.57207268,92.58340208,92.70267195,93.00469721,93.21690916,93.37198778,93.36555254,93.37322613,93.33309912,93.22768866,93.102925,93.04149558,92.93688445,92.84653936,92.77686163,92.75397664,92.68695157
"종합","울산",56.74522594,56.27680074,55.86766864,56.08160922,56.2842058,56.29613604,56.71181175,56.73855148,56.79369273,56.68157886,56.80004575,57.21468903,57.35199541,57.36113657,57.42207429,57.49955083,57.70084534,58.12316371,58.54889469,58.81602447,59.18594885,59.61806006,60.04329368,60.29907517,60.33777821,60.38256682,60.75985384,61.0635576,61.79111672,62.66110551,63.91867862,64.62452674,65.11254096,65.43891696,66.41784022,67.77160399,69.64250444,70.58518594,71.57194797,72.10669993,72.74524666,73.22801957,73.60177493,74.14619584,74.22920703,74.29816359,74.27953956,74.60879394,74.96226754,75.06861365,75.22284204,75.45397549,75.60823324,75.78621106,76.06479947,76.35257419,76.21533121,76.39754396,76.20956611,76.18845928,76.00719167,75.52284169,75.29406153,75.41711676,75.26305686,75.27136061,75.3989733,75.59255557,75.93171255,76.28037793,76.64124352,76.97854372,77.43509688,77.66497464,77.85044285,78.16626391,78.36939681,78.65190671,78.98036111,79.08074224,79.18141884,79.20390744,79.35250035,79.47804581,79.84386786,79.99033649,80.46170868,81.24523928,82.44772117,83.69912669,84.01718289,84.84691315,85.45895026,86.04557426,86.86605385,87.64635933,89.22506252,89.91902068,90.72405946,91.40307791,91.97257075,92.57406156,93.10730801,93.50502674,93.18633039,93.0432823,92.93276286,92.9569268,93.20312372,93.01293193,92.91680342,92.77039016,92.65519496,92.76711961,92.80986536,92.916633,92.96601582,92.81512845,92.79444396,92.97662546,93.19770643,93.2210231,93.26559282,93.43047838,93.62723275,93.85413207,94.0976156,94.46751631,94.83933008,95.13219129,95.42344945,95.6632283,95.87127165,96.11656723,96.21289098,96.40919476,96.58380095,96.91173772,97.18757873,97.56390851,97.84087565,98.04195306,98.37836658,98.70227236,98.98196489,99.22174925,99.41278265,99.57536875,99.65752808,99.75914303,99.86622898,99.83516752,99.69375022,99.5833193,99.58838925,99.67264222,99.69535999,99.65797062,99.54245074,99.48234178,99.49294906,99.43843633,99.37836265,99.26611329,99.21400491,99.08795782,99.07137868,98.98811363,98.77710031,98.58298661,98.28319733,98.02292718,97.78601259,97.3826279,96.71071017,96.16599528,95.49020401,94.67871998,94.12238576,93.40307505,92.62705564,91.8064615,91.19118397,90.79672742,90.40552768,89.91070792,89.55958476,89.22513777,88.94735392,88.71379413,88.54591487,88.5793652,88.74589426,89.10187746,89.39890546,89.78231774,90.11650574,90.25333256,90.34369983,90.59824437,91.00779598,91.40158196,91.95598075,92.52987711,93.52530858,95.89911944,97.35537727,98.1806671,98.64628355,99.00768139,99.34231816,100,100.7214255,101.4946625,102.2051005,102.9059373,103.4255022,103.7042861,103.8184074,103.8381281,103.8355028,103.8928186,103.9938681,103.9750492,103.8780484,103.4073411,102.7452437,101.8939268,99.99743709,98.12956809,96.86847875,95.69983359,94.53003858,93.84895059,93.445333,93.31267574,93.2512622,93.36397176,93.53589378,93.66358049,93.69288011,93.67441653,93.62937532,93.59020856,93.52020787,93.48395626,93.41900596,93.4064998,93.39950259,93.40982237,93.44743025,93.47375175
"종합","세종",-,-,-,-,-,-,-,-,-,-,-,-,-,-,-,-,-,-,-,-,-,-,-,-,-,-,-,-,-,-,-,-,-,-,-,-,-,-,-,-,-,-,-,-,-,-,-,-,-,-,-,-,-,-,-,-,-,-,-,-,-,-,-,-,-,-,-,-,-,-,-,-,-,-,-,-,-,-,-,-,-,-,-,-,-,-,-,-,-,-,-,-,-,-,-,-,-,-,-,-,-,-,-,-,-,-,-,-,63.38894602,63.83948778,64.35749512,64.82846783,65.33738239,65.75187971,66.09829001,66.34017835,66.39994698,66.24302816,66.270292,66.46838723,66.62194673,66.72472657,66.84746604,66.93644949,66.92673084,66.91809982,66.80289154,66.75536079,66.63583074,66.52124603,66.47158829,66.59453722,66.58369246,66.59604663,66.56861969,66.56897967,66.55374259,66.55567888,66.54928473,66.53354349,66.51425084,66.50843938,66.5036164,66.51766679,66.52471244,66.53476041,66.54772695,66.57538242,66.63885661,66.67277697,66.69422779,66.69855108,66.76403703,66.81925426,66.83625741,66.88520939,66.97416065,67.05858188,67.10946468,67.10714622,67.10943806,67.24317215,67.68869079,68.81626779,69.29094556,69.66323071,69.78192486,69.85179368,69.89722681,69.93708981,70.08692179,70.19808991,70.34854839,70.57318379,70.69603638,70.84002232,71.04282451,71.09527624,71.10480346,71.22774036,71.42140236,71.45780702,71.50771429,71.45054529,71.30956928,70.87224513,70.66282948,70.36898783,70.16877927,70.11370907,70.11677616,70.18360574,70.20131101,70.78729184,72.09186414,73.52776119,76.64231133,77.79537154,78.04104398,79.707074,83.99636119,90.45630187,93.91936873,95.26550382,96.16041987,97.01357973,97.87155372,98.71981425,99.39483903,99.84358089,100.0664092,100,99.8704544,99.67840977,99.59916229,99.48886173,98.82095898,97.10176773,96.34639015,95.85434102,95.23924559,94.75736672,94.29455519,93.66936598,93.08367168,92.12803312,90.86419332,89.52304268,87.43795074,83.06564185,79.62922407,77.28842063,77.12566913,77.62695642,78.35441178,78.97485436,79.62105215,79.87142731,80.17820217,80.26131955,80.29125818,80.07934841,79.80684532,79.05247181,78.21902306,77.56248917,76.90626304,76.65945148,76.30860435,76.17283424,76.05474613,75.90560985
"종합","강원",73.39155368,73.44236311,73.39499913,73.79185337,74.19619151,74.27185528,74.43848409,74.61438466,74.87827783,75.17279118,75.55336511,75.75264402,75.71993689,75.64227933,75.84113255,76.03517846,76.5250519,76.35217237,76.80131304,77.04298057,77.2772499,77.4789667,77.94525158,78.09872193,78.16067611,77.91159288,78.03193007,78.36716181,79.14384355,79.37875351,79.60483448,79.46756424,79.5799124,79.38322645,79.38563696,79.35836722,79.40701775,79.05735372,78.94466954,78.93895374,78.71975218,78.7006522,78.56563723,78.44538302,78.30508282,78.18257135,78.07531116,77.86212276,77.70177984,77.47899217,77.38663802,77.34355925,77.16821539,77.03014774,77.1672982,77.62194626,78.01604408,78.24957766,78.3485511,78.63657489,78.57588638,78.55525773,78.43456829,78.42996937,78.51013016,78.42684492,78.43678244,78.43047269,78.46084988,78.53943024,78.79377549,78.98102608,79.22131373,79.34714224,79.45309264,79.62441133,79.87327686,80.02191208,80.06631744,80.14930783,80.38092007,80.5308282,80.49815994,80.5500017,80.66449269,80.82136308,81.05084361,81.49169646,82.05200418,83.00217786,82.78491761,84.04636104,85.17515401,87.76673625,88.91182734,89.73820935,90.70590101,91.17590023,92.56861648,92.91416501,93.19079922,93.42929156,93.49872554,93.52665029,93.59033597,93.52617662,93.51121736,93.48024151,93.45267455,93.44240065,93.39688186,93.32245944,93.13398285,93.1022839,93.20062154,93.08673992,93.0466396,92.98066654,93.07264266,93.24080422,93.40751427,93.57772491,93.65841882,93.62782349,93.65699834,93.6244416,93.62482939,93.57598145,93.5639439,93.58292104,93.61360736,93.69440049,93.74998969,93.8911393,93.97345621,94.07022491,94.18549496,94.43756955,94.63550069,94.8165268,94.90918358,95.04966069,95.27072923,95.49441065,95.79997355,95.96875947,96.05261324,96.12918596,96.19987566,96.3039521,96.41046846,96.48791969,96.56998228,96.67955798,96.77537803,96.9412304,97.11106651,97.24299867,97.34147037,97.41802982,97.58473209,97.83615676,98.08099145,98.26841098,98.46909795,98.73024487,99.0574904,99.34990057,99.57911715,99.57831218,99.53284309,99.60599428,99.69687203,99.64517877,99.49228688,99.21142958,98.96908916,98.75199812,98.65089048,98.4649451,98.31260476,98.01576984,97.80441875,97.67486832,97.42996094,97.24382454,96.86255265,96.61405348,96.30525346,95.89438181,95.53358639,95.39994388,95.29470275,95.14647006,95.0345073,95.032616,95.11688416,95.12161628,95.17918609,95.32339954,95.68206644,95.89255972,96.08172682,96.3589396,96.67235195,97.03218463,97.55211334,98.05694137,98.54335371,99.02635724,99.42645444,100,100.4861777,101.0816177,101.6761161,102.267465,102.8354751,103.2186819,103.4297723,103.6273733,103.8172652,104.0417273,104.2541971,104.418636,104.5300046,104.6148802,104.5902383,104.4282036,104.1097519,103.6938049,103.3522103,102.9938243,102.7384534,102.5027013,102.3315,102.269638,102.2295849,102.3191539,102.5238056,102.7396167,102.8906763,102.9353647,102.9782937,103.0719602,103.1324332,103.1747174,103.3141349,103.3841513,103.5063845,103.6854667,103.7608277,103.8088751
"종합","충북",69.17446905,68.30865476,68.09989051,68.17684516,68.24636927,68.00242947,68.09063228,68.37184691,68.94339475,69.28425889,69.37656293,69.45944263,69.03746711,68.82997981,68.8299339,69.00307955,69.45135015,69.85157887,70.1859214,70.42053044,70.67504001,71.50937883,71.90526253,72.48984123,72.64906235,72.7642219,73.15758492,73.62107673,74.32018642,74.83403166,75.02126909,75.14910016,75.22637616,75.04415898,75.03387044,75.1209969,75.12621347,75.09756054,75.10161402,74.96356665,75.09783377,75.22146263,74.90721483,74.86669629,74.79864972,74.82077243,74.98937911,75.34641641,75.29689322,75.24620371,75.30823456,75.50004068,75.7493472,75.88529579,76.06556193,76.20177575,76.31417725,76.42183255,76.57040684,76.68780666,76.65977513,76.38865398,76.44755397,76.2824936,76.03054005,75.92014702,76.03055379,76.13313244,76.15244683,76.25822163,76.48491663,76.32620031,76.67168855,77.11035103,77.21586672,77.50569792,77.80337648,78.11806531,78.44581881,78.91020353,79.14328766,79.35824535,79.73963073,80.11766085,80.64670318,81.12582482,81.72824486,82.67309461,84.22305403,85.14411161,85.27630447,86.09053891,87.53679705,88.69660801,89.9818678,90.95521622,91.64828195,92.16153184,92.60651843,92.81228068,93.15702354,93.60478999,94.07549712,94.24190038,94.45349445,94.54360751,94.50008889,94.56482451,94.71656852,94.89379023,94.84434514,94.89078157,94.95389379,95.25233585,95.34446691,95.46382255,95.53861698,95.58762892,95.70120349,95.78851313,95.94862753,96.23442763,96.44089021,96.47592253,96.67922736,96.79919831,96.92374751,97.07916593,97.26197558,97.34623991,97.60280392,97.91498328,98.24008032,98.51131999,98.70383984,98.9382924,99.16908042,99.36096522,99.45761428,99.51094071,99.56440855,99.64946808,99.75350258,99.75732815,99.67788384,99.6200194,99.58954484,99.57731454,99.51751098,99.46913135,99.42392205,99.30791421,99.16624282,99.04168569,98.98283685,98.92307249,98.91853009,98.91961872,98.86447532,98.82949414,98.79824746,98.75627353,98.7421492,98.72179671,98.67362694,98.59723722,98.53534041,98.54218078,98.64391403,98.56586358,98.3962552,98.19951611,98.10886578,97.93333987,97.71531995,97.53176797,97.33756625,97.06020431,96.86330489,96.60122695,96.42245085,96.12117404,95.80783433,95.60019259,95.337863,94.97034977,94.64539705,94.26889766,93.95637768,93.62793631,93.40357506,93.17118499,93.08441033,93.09357636,93.1260333,93.14874695,93.26484434,93.28262995,93.43437632,94.91271166,95.35691253,95.47438191,95.53545472,95.63948201,95.87742854,96.42920705,96.84386893,97.32225617,97.8653542,98.46306399,99.06677717,100,100.7351984,101.6382102,102.5595391,103.5985915,104.3631316,104.7664855,105.0063436,105.1749086,105.3030824,105.4270749,105.5782457,105.6924073,105.7610878,105.6629465,105.4652769,105.0796293,104.4194163,103.3664997,102.6580831,101.8968895,101.3318621,101.0601454,100.968836,100.9630006,100.9800302,101.038418,101.2879267,101.7030666,101.940231,102.1118265,102.0967929,102.0464919,101.9966345,101.9676001,102.0114429,102.0057887,102.0258791,102.0964968,102.0961311,102.1090655
"종합","충남",80.30307843,79.12283464,78.89283476,79.49514672,79.9141944,80.28066777,80.44731153,80.36394423,80.11657946,79.56546024,79.60608332,79.28274754,78.58056902,78.32866566,78.38600104,78.89960096,79.48898973,80.30656271,80.68888012,80.93589983,81.27390684,81.66401412,81.62691974,81.40991775,81.05903807,81.03699432,80.85749159,81.00840212,81.24918918,81.51266638,81.56682591,81.16750295,81.13628138,80.94159465,80.93690514,80.88845702,81.01180729,81.04440878,81.07408976,81.27986068,81.22973032,81.24644514,81.34351305,81.26795183,81.22722767,81.33000731,81.56172314,81.63161667,81.54283165,81.5356043,81.41073756,81.29754285,81.25656177,81.18898927,81.23290486,81.60730658,81.89671493,82.12382117,82.76284945,83.04532413,83.01421303,82.81338419,82.56427236,82.52079029,82.37318941,82.53598492,82.35347816,82.25247657,82.19215926,82.15949901,82.41270568,82.7504559,82.84193674,82.90222345,82.92803337,83.02717587,83.12300025,83.00371712,83.11269987,83.17212036,83.13528246,83.05392189,83.12325798,83.1359259,83.28744174,83.37730222,83.48668381,83.7032884,84.39886618,85.27003583,85.65853289,86.0038335,86.70882617,87.35364733,88.06982412,88.69909417,89.43430688,89.73356151,90.33291561,90.42654966,90.75772519,91.03669605,91.32955156,91.51558837,91.66622578,91.93349335,92.22943555,92.49290944,92.72933987,93.33298918,93.58682842,93.68563619,93.82415687,93.9821997,94.21900396,94.4125349,94.51178715,94.56469718,94.65928038,95.00213831,95.44857033,95.78569661,96.08290582,96.22132843,96.46914147,96.7116587,96.85843212,97.06812307,97.20268881,97.24407407,97.37797643,97.61922971,97.80360931,97.94317241,98.04546527,98.14227553,98.24707212,98.41180743,98.51066196,98.6045568,98.62375338,98.66422307,98.67992212,98.71420384,98.78276473,98.69519735,98.58682511,98.42382453,98.29940267,98.15993839,97.99596356,97.84729475,97.69470885,97.54576468,97.49537401,97.39728524,97.26683154,97.20732905,97.10735866,97.06658007,97.01109013,96.91819524,96.85785776,96.80721937,96.80688915,96.75546505,96.77336063,96.83533505,96.73952317,96.68797929,96.56169829,96.38967475,96.21091252,96.02832657,95.8318642,95.66907465,95.50714996,95.33076579,95.30275629,95.14270189,95.06673295,94.92175887,94.69760988,94.54040933,94.31104853,94.11379008,93.96209403,93.82001379,93.71727252,93.55290651,93.45464679,93.38128041,93.31263511,93.40376317,93.42365599,93.46332943,93.49311583,93.45872513,93.46435527,93.56471392,94.11044412,94.64261517,95.08508191,95.39825888,95.794766,96.44146128,97.03736832,97.58211314,98.11363154,98.73601554,99.30032816,100,100.6318649,101.387734,102.1475303,103.0565527,103.7582414,104.2038982,104.4316665,104.5195705,104.5959335,104.5815545,104.4752136,104.4323356,104.4177002,104.3017524,104.0798295,103.6754851,103.1375836,102.3797676,101.6400942,100.9137074,100.2495094,99.87701394,99.69417656,99.62924697,99.63451216,99.72892999,99.80028902,99.86633226,99.94472575,99.90694459,99.83355412,99.64070147,99.49540247,99.37786671,99.37800051,99.3480893,99.35249389,99.34272221,99.35556988,99.34273457
"종합","전북",70.25693046,70.04529229,69.84880846,70.06826369,69.96811423,70.04738747,70.12103519,70.00819585,70.00234957,69.90074486,69.62021722,69.72426047,69.52759233,69.45092543,69.28099201,69.32168374,69.43601597,69.64875271,69.728432,69.69885279,69.87221019,70.1350419,70.38486279,70.74796823,70.74451016,70.81214693,70.94402079,71.15892187,71.44140765,71.74677875,72.11635063,72.36649438,72.46718257,72.61256575,72.74039589,73.07167,73.22806718,73.44627082,73.52997117,73.64727951,73.75597252,73.78747158,73.66007535,73.64659889,73.68409721,73.67160277,73.68145732,73.70061732,73.91935308,74.0439656,74.17347141,74.36508079,75.13605526,75.85688881,76.54199597,77.66591993,78.19698609,78.6867832,79.36748298,79.38212958,79.15818182,79.03625418,78.7461149,78.66400889,78.86205881,79.01986944,79.13495051,79.24883859,79.40844167,79.74034457,80.09329274,80.59895919,81.09439691,81.55057728,81.77994999,82.22556653,82.65325644,83.04321145,83.43869009,84.14063134,84.91563944,85.23771636,85.74460219,86.08235747,86.52262341,87.0307953,87.54066159,88.68995335,89.39788857,90.69558155,90.91157593,91.72787665,92.55832645,93.52658658,94.80095771,95.66150459,96.48362736,97.26483406,98.14557542,98.26188046,98.70624218,98.83817152,98.73415341,98.57050666,98.37576174,98.30732988,97.89627449,97.66615326,97.2727579,96.56871518,96.13276535,96.07276642,95.99707144,96.02850363,96.02584663,95.83653826,95.71209391,95.62821823,95.53505158,95.51326789,95.52819207,95.54400532,95.54370622,95.47924683,95.50925784,95.40753804,95.33509641,95.25909324,95.14134734,95.08615535,95.11585046,95.12031279,95.09684489,95.07445864,95.06750899,95.06208086,95.12329649,95.13037033,95.09557983,95.0503734,95.08970723,95.1564673,95.26255341,95.3178931,95.3932534,95.40441482,95.40168874,95.37790673,95.37442342,95.37219898,95.36833182,95.32188886,95.32312435,95.33201899,95.31102213,95.35532213,95.4056137,95.49263583,95.52017226,95.57374177,95.65411943,95.76507287,95.99120698,96.14675867,96.31279037,96.54885743,96.79203498,97.05696372,97.26679067,97.38708047,97.40319064,97.39857667,97.35046254,97.3561562,97.26015687,97.19677243,97.11902261,97.10536118,97.17351886,97.24230707,97.32393065,97.37683221,97.2762021,97.23529022,97.10110881,96.94898221,96.86504142,96.73012654,96.5988578,96.45697869,96.2730357,96.18092651,96.04165408,96.0018585,96.03668736,96.11233517,96.22160404,96.31120186,96.3680592,96.49179964,96.696437,96.8660769,97.08213207,97.28120342,97.51909937,98.24314552,98.47552576,98.61056138,98.77366004,99.05253199,99.37134727,100,100.6161024,101.2738883,101.9680844,102.5827827,103.1174001,103.4381828,103.7585706,103.9221348,104.1864565,104.5705629,105.0402947,105.400124,105.7225744,105.8396097,105.804188,105.6468847,104.7923676,103.8147484,103.1307954,102.6209737,102.1047319,101.7123739,101.4378592,101.2793032,101.1897016,101.1554364,101.2357341,101.297382,101.376162,101.3372152,101.2733263,101.198531,101.15465,101.1586356,101.2756658,101.3747537,101.4714032,101.5945642,101.6822351,101.7792268
"종합","전남",70.50744503,69.59837636,69.380331,69.22318841,68.64740465,68.46321404,68.36960983,68.33071019,68.30134339,68.41459683,68.24277131,67.99313099,67.95059005,67.50365706,67.20683222,67.2194383,67.0103641,67.68894627,67.31104597,67.34901743,67.6531569,67.55821647,67.53881921,67.55614067,67.41412111,67.24956371,67.11543884,67.16726643,66.6754725,66.60097344,66.35420449,66.51199377,66.47478431,66.56599291,66.78334092,67.02727659,67.13249395,67.29024327,67.36670976,67.77391625,67.81566459,68.10199595,68.22655276,68.46588543,68.79933491,68.98113669,69.11341369,69.14582646,69.43387197,69.96852697,70.74278452,71.25033189,71.72678867,74.03271239,74.33758458,75.45378276,76.15516594,76.45528764,77.27096172,77.31942225,77.52861436,77.64170967,77.06416768,77.05571169,77.03979928,77.35322049,77.39359706,77.42656599,77.41055449,77.4406391,77.64697218,77.99031793,78.05993407,78.65907462,78.90230288,79.23543271,79.78827465,80.1087891,80.37544523,80.46220704,80.57285399,80.64723569,80.82345604,80.99863877,81.45005867,81.64202819,81.88771656,82.2582777,82.81320253,83.65208797,84.18732775,84.97271607,85.10185629,85.56040351,86.1621037,86.68659847,87.71407664,88.75261644,89.31053832,89.22944616,89.31201572,89.62506734,89.73544398,89.90655837,89.85770433,89.9457418,90.03696504,90.06485661,89.82313712,89.77096019,89.69905021,89.58426534,89.47354079,89.38830058,89.35501937,89.31118701,89.10668774,88.90886562,88.84818361,88.78896628,88.77414789,88.72416912,88.59727963,88.5113831,88.4455415,88.42475935,88.4312411,88.33828821,88.21109233,88.09840785,88.1304417,88.13287606,88.13199748,88.02838132,88.01374456,87.90202315,87.89015065,87.88801546,87.9510614,88.05111642,88.20005357,88.26040215,88.3477651,88.5074571,88.72390729,88.84098824,88.97513217,88.9899294,89.0348705,89.11458562,89.22503653,89.22987208,89.25704872,89.33430884,89.37754272,89.49446292,89.59609042,89.77100047,89.84992742,89.89942695,89.99161964,90.1715061,90.4779581,90.66482213,90.85852896,91.13163038,91.30093756,91.5160576,91.70822534,91.77723132,91.93697636,92.12235954,92.24976814,92.38012386,92.46169172,92.60735044,92.75273512,92.95314021,93.21413134,93.53863129,94.04947175,94.41210098,94.57317727,94.70243513,94.83294261,95.02059699,95.14737298,95.29901781,95.43494706,95.57999081,95.70763601,95.85603762,96.02771208,96.16889286,96.32902611,96.47187355,96.59580841,96.68328479,96.77272008,96.93131863,97.11183705,97.37256624,97.56516401,97.83374867,98.14969023,98.49740266,98.73460436,98.92946806,99.10480036,99.33525597,99.58204116,100,100.3281569,100.6998033,101.0888858,101.3746844,101.620684,101.7987288,101.9321589,102.0329116,102.1273321,102.2411262,102.3506997,102.4060807,102.4589775,102.4532277,102.343452,102.1629518,101.8019459,101.2009553,100.4251241,99.94227014,99.60218421,99.34098957,99.13948603,98.98179128,98.81574187,98.71837797,98.6914801,98.71502352,98.75185539,98.73997275,98.6835495,98.69311459,98.67915745,98.69754272,98.70602358,98.71080615,98.71144872,98.7528989,98.75653193,98.73946083
"종합","경북",77.93314407,77.63080123,77.18906546,77.03360338,76.90752414,76.78644094,76.59945573,76.16250832,75.97656573,75.79274886,75.77395295,75.785706,75.67079591,75.54475378,75.34586183,75.42302454,75.45011547,75.7545337,76.20455297,76.7385481,77.02053747,77.22844809,77.36037706,77.74133135,78.10379404,78.30303365,78.34725796,78.51718228,78.84334967,79.07501268,79.67001183,79.97620275,80.50048215,80.620474,80.96014291,81.35699506,81.87337005,82.16222698,82.40915779,82.67951959,82.93374098,83.05475399,83.26998864,83.47642141,83.5324655,83.62614261,83.61979713,84.00115935,83.83840593,84.087872,84.20588557,84.22487801,84.29303831,84.46282725,84.43546437,84.43831604,84.44412961,84.48311897,84.48991046,84.26808203,83.92615844,83.03502939,82.69454252,82.38901096,82.18338003,82.17607536,82.09984009,82.05867611,82.01039913,82.0787445,82.43992212,82.51300678,82.65797854,82.71799093,82.70984779,82.72329907,82.72787465,82.68486794,82.6088079,82.43051827,82.17781983,82.05896795,82.05265682,82.13547654,82.44982647,82.60794081,82.93956776,83.13769285,83.80973904,84.36291774,84.49018875,84.88024928,85.15084447,85.53975556,86.1035484,86.6534092,87.39405289,87.88596531,88.50205221,88.63202618,89.01154332,89.24227605,89.47124954,89.67117362,89.89342711,90.23582901,90.62461476,90.87878851,91.15846018,91.46927166,91.78187524,92.0007113,92.34514925,92.71123433,93.14331169,93.55115811,94.18321749,94.43676322,94.76973067,95.30216963,95.73424865,96.20157161,96.96263142,97.42298835,97.7717584,98.07846195,98.30497656,98.46825608,98.59352781,98.7204637,98.91063248,99.15514929,99.38884426,99.63215903,99.85810309,100.075371,100.3757547,100.6509993,100.8371949,101.139774,101.3295055,101.6285627,101.9982609,102.1807997,102.2661839,102.2693396,102.2005094,102.1064375,101.9962856,101.878571,101.6983944,101.4845053,101.2413737,101.034092,100.8828192,100.7937471,100.6743651,100.5689918,100.5108235,100.4102725,100.3250406,100.2519652,100.1883337,100.150143,100.1085684,100.0716102,100.0618493,99.9499789,99.81766074,99.66335378,99.48786863,99.40589175,99.31575523,99.17200363,99.02560602,98.92898784,98.78705021,98.54941523,98.35669771,98.17092599,98.02453297,97.77818328,97.53257322,97.33978563,97.16401515,96.88574573,96.6698757,96.43881842,96.2786976,96.09806587,95.94560315,95.8090921,95.67646223,95.49483513,95.37126715,95.38355838,95.35776806,95.27359165,95.22245104,95.21244602,95.42029994,95.72562959,95.95517287,96.10241559,96.31161741,96.81716456,97.50119877,98.08756273,98.51517614,98.93508722,99.4311739,100,100.4171896,100.9223268,101.3292262,101.7974295,102.1705555,102.458359,102.6864475,102.8114855,102.9187831,103.0702469,103.1825511,103.2775626,103.3278806,103.2982223,103.1746511,102.9233641,102.4524252,101.6417728,101.0718631,100.6116177,100.3068056,100.1026539,99.97456653,99.96361522,99.93560681,100.1110957,100.3464777,100.516541,100.5739173,100.5918133,100.5590473,100.5644355,100.6005071,100.6913334,100.7698086,100.7267831,100.6172592,100.6378587,100.6131623,100.5554089
"종합","경남",70.2427055,69.94419472,69.68768663,69.87915906,70.14684163,70.2183471,70.37997308,70.3778052,70.40204521,70.34019531,70.35577122,70.28092436,70.19973376,69.86611289,69.81655491,69.86330467,70.16119354,70.41424949,70.81804569,71.02626878,71.23766662,71.36352829,71.4974498,71.53817958,71.47594741,71.51127941,71.65478809,71.71367815,71.88232585,71.94499919,72.16722388,72.02301129,71.85046547,71.75669776,71.74770452,71.8260018,71.90756522,72.09563736,72.18637806,72.23646009,72.21643333,72.24483007,72.32049143,72.27702584,72.27203998,72.29391727,72.42093815,72.49284661,72.74263671,72.88965428,72.93117943,73.03290203,73.22456757,73.47129218,73.64321489,74.06725483,74.20316112,74.40518827,74.76701804,75.07048497,75.11441519,74.91004437,74.84742364,74.78072239,74.89299668,74.95896037,75.02157215,75.19793504,75.22187711,75.33564993,75.7363233,76.03118963,76.43134848,76.56393896,76.70781108,77.12662299,77.66967107,78.18433183,78.89469967,79.6751325,80.09108537,80.66714193,81.23798608,81.96234502,83.41862816,84.70215278,85.93450937,87.62435017,90.53364432,95.53786321,96.09879048,97.18651175,98.005519,98.96148472,100.2509658,101.1213683,101.7801979,101.9385394,102.2292572,102.167255,102.3474887,102.2211292,102.0597653,101.7706679,101.3956468,101.1146557,101.043426,100.9939163,100.9586374,100.7430408,100.4806196,100.3566687,100.4063025,100.6822155,100.9905217,101.0657644,101.0720007,101.0054317,101.0640683,101.3024444,101.4171463,101.4862433,101.5942615,101.6885741,101.8718425,102.0769556,102.220217,102.3486206,102.500017,102.7232211,102.9539545,103.2435062,103.4497605,103.6568597,103.8122482,103.935743,104.1318819,104.3117594,104.4561025,104.6056091,104.6891438,104.7776263,104.9525533,105.0890548,105.2467071,105.3611335,105.3729236,105.3689447,105.3892263,105.4137129,105.3708009,105.2879424,105.216177,105.1613699,105.0880585,105.0104901,104.9174238,104.749839,104.6904836,104.6395532,104.6834887,104.6138564,104.5139275,104.4269281,104.2635888,104.0830418,103.8834536,103.6187986,103.2456174,103.0543473,102.7353678,102.4879746,102.2267697,101.9327966,101.4289263,100.9604418,100.4505127,99.79876873,99.29054646,98.86475442,98.55860327,98.10731148,97.70739094,97.44991615,97.1712662,96.85413104,96.58381254,96.27892805,95.85298761,95.46716203,95.09802683,94.80688334,94.6915926,94.70446343,94.7165332,94.82118371,94.9294776,94.93668627,94.8674771,95.00656025,95.35115211,95.5406497,95.66513846,95.73742459,96.07080187,97.27785245,97.95310335,98.31787752,98.64140445,99.04412384,99.45289155,100,100.4184314,101.0158972,101.6417587,102.4609189,103.2211554,103.5840983,103.823657,104.0544882,104.3413736,104.6012439,104.8331182,105.0117106,105.0680139,104.9231519,104.6422693,103.9769917,102.6501927,100.840293,99.49290048,98.75984277,98.34205037,97.99965924,97.77794261,97.60512922,97.51363104,97.48575975,97.47824784,97.48130673,97.44470726,97.35016187,97.2159427,97.11999052,96.99678671,96.86097249,96.75167046,96.65500309,96.61095285,96.54612726,96.52884085,96.52952698
"종합","제주",99.85378632,99.81072775,95.08333114,93.1039604,89.19779541,88.59252231,88.10379798,87.38553177,85.34621315,84.90023252,84.34865845,83.92660201,83.23362255,82.10299593,81.77289415,81.12595796,81.12595796,81.11066239,81.05083535,81.14502722,80.84258099,80.76700095,80.74109766,80.72072366,78.85818309,78.80916097,78.68377994,78.68377994,78.66992542,78.11562603,77.77153544,77.66941599,77.63484788,76.89778083,76.88936127,76.9035826,77.23271019,77.42429965,77.23628753,77.24290195,77.04944366,76.51331133,75.49120091,75.22395588,75.18097397,75.31387867,75.11307671,75.14568816,75.21521264,74.8560699,74.83710076,74.86146944,74.8859864,75.19534148,75.23821115,75.28673846,75.45682519,75.47492146,74.55615523,74.68455752,74.66427273,74.1625505,74.06206932,74.10031909,74.15162738,74.26754385,74.43623621,74.50766712,74.53000204,75.11354756,75.16629727,75.28139874,75.60324489,76.05357845,76.54137217,76.73816317,76.85150078,77.0395474,77.25468187,78.16496478,78.51909539,78.58589644,78.61848371,78.96806244,79.17711204,79.59650873,80.10744513,81.05656218,81.14133109,81.22787926,81.22589015,81.33611956,81.66757175,82.18708806,82.44122437,82.98434299,83.32539159,83.75526599,84.59169083,85.61383324,85.75573461,86.07183547,86.84225642,86.84397556,86.87998158,86.90896314,86.90387129,86.90682486,86.89010482,86.84572901,86.79409678,86.78885349,86.78031969,86.74707447,86.72518949,86.73523271,86.72183579,86.64587655,86.59165006,86.64596037,86.76258894,87.0775001,87.32541589,87.40899972,87.40208186,87.42044957,87.42441949,87.30167398,87.34303558,87.43741066,87.52989516,87.68234976,87.79149254,88.33020365,88.83493156,89.18789495,89.61285723,89.92886938,90.16184968,90.56887268,91.31429603,91.82169468,92.4008653,92.85300275,93.80405789,95.46936757,97.43043236,98.3909132,98.81926865,99.02532646,99.02343627,99.05526189,99.08372067,99.15339161,99.28395245,99.44208447,99.67607624,99.89378586,100.034775,100.0921922,100.122906,100.1676384,100.1539403,100.1293881,100.3176111,100.6426804,100.9521075,101.1674306,101.3796215,101.5542248,101.6470408,101.8203722,101.9018954,101.8849579,101.8478038,101.92481,101.9636558,101.9222423,102.1263885,102.1745246,102.3878999,102.5343996,102.4847577,102.4762686,102.4451274,102.4087258,102.3793573,102.2251678,101.91359,101.5715913,101.1977156,100.7186791,100.1807636,99.65347687,99.34349756,99.09830171,98.84641924,98.55676453,98.27859273,98.04699976,97.90509526,97.80802236,97.72251821,97.61236706,97.55194902,97.55211876,97.66696716,97.81218165,97.91471382,98.09395973,98.6764914,100,100.7316463,101.7032268,102.5635677,103.3359411,103.763857,103.9831404,104.120795,104.2637686,104.3443176,104.4571079,104.5574755,104.7158106,104.7984782,104.7901861,104.7380679,104.6206541,104.3865358,103.7803029,103.412791,103.0594916,102.7848504,102.4465891,102.1603344,101.9577844,101.8261514,101.72091,101.6479389,101.5928276,101.5206122,101.4139237,101.3272679,101.2031905,101.0968143,100.9619465,100.813758,100.7124522,100.6083828,100.4606249,100.354069,100.2235574
